barcode,Green,Red,Blue,Yellow,Greenseq,Redseq,Blueseq,Yellowseq,sum
GGGGTTGAATGGGTAGATTCACCTTACAATTTTTTACATCATGCTTCCTCATAGGGGCGAGCCTAACAGTTCCCACCCTT,0,0,0,5,GGGGTTGAATGGGTAGATTC,ACCTTACAATTTTTTACATC,ATGCTTCCTCATAGGGGCGA,GCCTAACAGTTCCCACCCTT,5
GGGGTTGAATGGGTAGATTCACCTTACAATTTTTTACATCCGTACAATAAGTGGCTTATCAGCAGACCCTGATCATCAAC,0,0,1,4,GGGGTTGAATGGGTAGATTC,ACCTTACAATTTTTTACATC,CGTACAATAAGTGGCTTATC,AGCAGACCCTGATCATCAAC,5
GGGGTTGAATGGGTAGATTCACCTTACAATTTTTTACATCGAGCCAGAACAGACCCTCGGGCTGGTACGTACGCAACTTC,0,0,2,3,GGGGTTGAATGGGTAGATTC,ACCTTACAATTTTTTACATC,GAGCCAGAACAGACCCTCGG,GCTGGTACGTACGCAACTTC,5
GGGGTTGAATGGGTAGATTCACCTTACAATTTTTTACATCTTAGGTATACACAAGAGTTCAGCTGCCCTCGCGTAACCCC,0,0,3,2,GGGGTTGAATGGGTAGATTC,ACCTTACAATTTTTTACATC,TTAGGTATACACAAGAGTTC,AGCTGCCCTCGCGTAACCCC,5
GGGGTTGAATGGGTAGATTCACCTTACAATTTTTTACATCTAGCACACCGCATATGGGAACGTGATGCTCTTATCAATCA,0,0,4,1,GGGGTTGAATGGGTAGATTC,ACCTTACAATTTTTTACATC,TAGCACACCGCATATGGGAA,CGTGATGCTCTTATCAATCA,5
GGGGTTGAATGGGTAGATTCACCTTACAATTTTTTACATCTGTGCCCATAGGGTTAACCGTTCACATCTCCTACCTGTGT,0,0,5,0,GGGGTTGAATGGGTAGATTC,ACCTTACAATTTTTTACATC,TGTGCCCATAGGGTTAACCG,TTCACATCTCCTACCTGTGT,5
GGGGTTGAATGGGTAGATTCAACAACGGTCTGGATGTTCAATGCTTCCTCATAGGGGCGAAGCAGACCCTGATCATCAAC,0,1,0,4,GGGGTTGAATGGGTAGATTC,AACAACGGTCTGGATGTTCA,ATGCTTCCTCATAGGGGCGA,AGCAGACCCTGATCATCAAC,5
GGGGTTGAATGGGTAGATTCAACAACGGTCTGGATGTTCACGTACAATAAGTGGCTTATCGCTGGTACGTACGCAACTTC,0,1,1,3,GGGGTTGAATGGGTAGATTC,AACAACGGTCTGGATGTTCA,CGTACAATAAGTGGCTTATC,GCTGGTACGTACGCAACTTC,5
GGGGTTGAATGGGTAGATTCAACAACGGTCTGGATGTTCAGAGCCAGAACAGACCCTCGGAGCTGCCCTCGCGTAACCCC,0,1,2,2,GGGGTTGAATGGGTAGATTC,AACAACGGTCTGGATGTTCA,GAGCCAGAACAGACCCTCGG,AGCTGCCCTCGCGTAACCCC,5
GGGGTTGAATGGGTAGATTCAACAACGGTCTGGATGTTCATTAGGTATACACAAGAGTTCCGTGATGCTCTTATCAATCA,0,1,3,1,GGGGTTGAATGGGTAGATTC,AACAACGGTCTGGATGTTCA,TTAGGTATACACAAGAGTTC,CGTGATGCTCTTATCAATCA,5
GGGGTTGAATGGGTAGATTCAACAACGGTCTGGATGTTCATAGCACACCGCATATGGGAATTCACATCTCCTACCTGTGT,0,1,4,0,GGGGTTGAATGGGTAGATTC,AACAACGGTCTGGATGTTCA,TAGCACACCGCATATGGGAA,TTCACATCTCCTACCTGTGT,5
GGGGTTGAATGGGTAGATTCTACTCGTGTTCCATCCAGTTATGCTTCCTCATAGGGGCGAGCTGGTACGTACGCAACTTC,0,2,0,3,GGGGTTGAATGGGTAGATTC,TACTCGTGTTCCATCCAGTT,ATGCTTCCTCATAGGGGCGA,GCTGGTACGTACGCAACTTC,5
GGGGTTGAATGGGTAGATTCTACTCGTGTTCCATCCAGTTCGTACAATAAGTGGCTTATCAGCTGCCCTCGCGTAACCCC,0,2,1,2,GGGGTTGAATGGGTAGATTC,TACTCGTGTTCCATCCAGTT,CGTACAATAAGTGGCTTATC,AGCTGCCCTCGCGTAACCCC,5
GGGGTTGAATGGGTAGATTCTACTCGTGTTCCATCCAGTTGAGCCAGAACAGACCCTCGGCGTGATGCTCTTATCAATCA,0,2,2,1,GGGGTTGAATGGGTAGATTC,TACTCGTGTTCCATCCAGTT,GAGCCAGAACAGACCCTCGG,CGTGATGCTCTTATCAATCA,5
GGGGTTGAATGGGTAGATTCTACTCGTGTTCCATCCAGTTTTAGGTATACACAAGAGTTCTTCACATCTCCTACCTGTGT,0,2,3,0,GGGGTTGAATGGGTAGATTC,TACTCGTGTTCCATCCAGTT,TTAGGTATACACAAGAGTTC,TTCACATCTCCTACCTGTGT,5
GGGGTTGAATGGGTAGATTCGACCATGCCCCCGTGTACATATGCTTCCTCATAGGGGCGAAGCTGCCCTCGCGTAACCCC,0,3,0,2,GGGGTTGAATGGGTAGATTC,GACCATGCCCCCGTGTACAT,ATGCTTCCTCATAGGGGCGA,AGCTGCCCTCGCGTAACCCC,5
GGGGTTGAATGGGTAGATTCGACCATGCCCCCGTGTACATCGTACAATAAGTGGCTTATCCGTGATGCTCTTATCAATCA,0,3,1,1,GGGGTTGAATGGGTAGATTC,GACCATGCCCCCGTGTACAT,CGTACAATAAGTGGCTTATC,CGTGATGCTCTTATCAATCA,5
GGGGTTGAATGGGTAGATTCGACCATGCCCCCGTGTACATGAGCCAGAACAGACCCTCGGTTCACATCTCCTACCTGTGT,0,3,2,0,GGGGTTGAATGGGTAGATTC,GACCATGCCCCCGTGTACAT,GAGCCAGAACAGACCCTCGG,TTCACATCTCCTACCTGTGT,5
GGGGTTGAATGGGTAGATTCTCAAGCCAGGTCGATTATCTATGCTTCCTCATAGGGGCGACGTGATGCTCTTATCAATCA,0,4,0,1,GGGGTTGAATGGGTAGATTC,TCAAGCCAGGTCGATTATCT,ATGCTTCCTCATAGGGGCGA,CGTGATGCTCTTATCAATCA,5
GGGGTTGAATGGGTAGATTCTCAAGCCAGGTCGATTATCTCGTACAATAAGTGGCTTATCTTCACATCTCCTACCTGTGT,0,4,1,0,GGGGTTGAATGGGTAGATTC,TCAAGCCAGGTCGATTATCT,CGTACAATAAGTGGCTTATC,TTCACATCTCCTACCTGTGT,5
GGGGTTGAATGGGTAGATTCATGACTCCAATTTGTCACCCATGCTTCCTCATAGGGGCGATTCACATCTCCTACCTGTGT,0,5,0,0,GGGGTTGAATGGGTAGATTC,ATGACTCCAATTTGTCACCC,ATGCTTCCTCATAGGGGCGA,TTCACATCTCCTACCTGTGT,5
CACTCTATCCACGGTTAAGAACCTTACAATTTTTTACATCATGCTTCCTCATAGGGGCGAGCCTAACAGTTCCCACCCTT,1,0,0,5,CACTCTATCCACGGTTAAGA,ACCTTACAATTTTTTACATC,ATGCTTCCTCATAGGGGCGA,GCCTAACAGTTCCCACCCTT,5
CACTCTATCCACGGTTAAGAACCTTACAATTTTTTACATCCGTACAATAAGTGGCTTATCAGCAGACCCTGATCATCAAC,1,0,1,4,CACTCTATCCACGGTTAAGA,ACCTTACAATTTTTTACATC,CGTACAATAAGTGGCTTATC,AGCAGACCCTGATCATCAAC,5
CACTCTATCCACGGTTAAGAACCTTACAATTTTTTACATCGAGCCAGAACAGACCCTCGGGCTGGTACGTACGCAACTTC,1,0,2,3,CACTCTATCCACGGTTAAGA,ACCTTACAATTTTTTACATC,GAGCCAGAACAGACCCTCGG,GCTGGTACGTACGCAACTTC,5
CACTCTATCCACGGTTAAGAACCTTACAATTTTTTACATCTTAGGTATACACAAGAGTTCAGCTGCCCTCGCGTAACCCC,1,0,3,2,CACTCTATCCACGGTTAAGA,ACCTTACAATTTTTTACATC,TTAGGTATACACAAGAGTTC,AGCTGCCCTCGCGTAACCCC,5
CACTCTATCCACGGTTAAGAACCTTACAATTTTTTACATCTAGCACACCGCATATGGGAACGTGATGCTCTTATCAATCA,1,0,4,1,CACTCTATCCACGGTTAAGA,ACCTTACAATTTTTTACATC,TAGCACACCGCATATGGGAA,CGTGATGCTCTTATCAATCA,5
CACTCTATCCACGGTTAAGAACCTTACAATTTTTTACATCTGTGCCCATAGGGTTAACCGTTCACATCTCCTACCTGTGT,1,0,5,0,CACTCTATCCACGGTTAAGA,ACCTTACAATTTTTTACATC,TGTGCCCATAGGGTTAACCG,TTCACATCTCCTACCTGTGT,5
CACTCTATCCACGGTTAAGAAACAACGGTCTGGATGTTCAATGCTTCCTCATAGGGGCGAAGCAGACCCTGATCATCAAC,1,1,0,4,CACTCTATCCACGGTTAAGA,AACAACGGTCTGGATGTTCA,ATGCTTCCTCATAGGGGCGA,AGCAGACCCTGATCATCAAC,5
CACTCTATCCACGGTTAAGAAACAACGGTCTGGATGTTCACGTACAATAAGTGGCTTATCGCTGGTACGTACGCAACTTC,1,1,1,3,CACTCTATCCACGGTTAAGA,AACAACGGTCTGGATGTTCA,CGTACAATAAGTGGCTTATC,GCTGGTACGTACGCAACTTC,5
CACTCTATCCACGGTTAAGAAACAACGGTCTGGATGTTCAGAGCCAGAACAGACCCTCGGAGCTGCCCTCGCGTAACCCC,1,1,2,2,CACTCTATCCACGGTTAAGA,AACAACGGTCTGGATGTTCA,GAGCCAGAACAGACCCTCGG,AGCTGCCCTCGCGTAACCCC,5
CACTCTATCCACGGTTAAGAAACAACGGTCTGGATGTTCATTAGGTATACACAAGAGTTCCGTGATGCTCTTATCAATCA,1,1,3,1,CACTCTATCCACGGTTAAGA,AACAACGGTCTGGATGTTCA,TTAGGTATACACAAGAGTTC,CGTGATGCTCTTATCAATCA,5
CACTCTATCCACGGTTAAGAAACAACGGTCTGGATGTTCATAGCACACCGCATATGGGAATTCACATCTCCTACCTGTGT,1,1,4,0,CACTCTATCCACGGTTAAGA,AACAACGGTCTGGATGTTCA,TAGCACACCGCATATGGGAA,TTCACATCTCCTACCTGTGT,5
CACTCTATCCACGGTTAAGATACTCGTGTTCCATCCAGTTATGCTTCCTCATAGGGGCGAGCTGGTACGTACGCAACTTC,1,2,0,3,CACTCTATCCACGGTTAAGA,TACTCGTGTTCCATCCAGTT,ATGCTTCCTCATAGGGGCGA,GCTGGTACGTACGCAACTTC,5
CACTCTATCCACGGTTAAGATACTCGTGTTCCATCCAGTTCGTACAATAAGTGGCTTATCAGCTGCCCTCGCGTAACCCC,1,2,1,2,CACTCTATCCACGGTTAAGA,TACTCGTGTTCCATCCAGTT,CGTACAATAAGTGGCTTATC,AGCTGCCCTCGCGTAACCCC,5
CACTCTATCCACGGTTAAGATACTCGTGTTCCATCCAGTTGAGCCAGAACAGACCCTCGGCGTGATGCTCTTATCAATCA,1,2,2,1,CACTCTATCCACGGTTAAGA,TACTCGTGTTCCATCCAGTT,GAGCCAGAACAGACCCTCGG,CGTGATGCTCTTATCAATCA,5
CACTCTATCCACGGTTAAGATACTCGTGTTCCATCCAGTTTTAGGTATACACAAGAGTTCTTCACATCTCCTACCTGTGT,1,2,3,0,CACTCTATCCACGGTTAAGA,TACTCGTGTTCCATCCAGTT,TTAGGTATACACAAGAGTTC,TTCACATCTCCTACCTGTGT,5
CACTCTATCCACGGTTAAGAGACCATGCCCCCGTGTACATATGCTTCCTCATAGGGGCGAAGCTGCCCTCGCGTAACCCC,1,3,0,2,CACTCTATCCACGGTTAAGA,GACCATGCCCCCGTGTACAT,ATGCTTCCTCATAGGGGCGA,AGCTGCCCTCGCGTAACCCC,5
CACTCTATCCACGGTTAAGAGACCATGCCCCCGTGTACATCGTACAATAAGTGGCTTATCCGTGATGCTCTTATCAATCA,1,3,1,1,CACTCTATCCACGGTTAAGA,GACCATGCCCCCGTGTACAT,CGTACAATAAGTGGCTTATC,CGTGATGCTCTTATCAATCA,5
CACTCTATCCACGGTTAAGAGACCATGCCCCCGTGTACATGAGCCAGAACAGACCCTCGGTTCACATCTCCTACCTGTGT,1,3,2,0,CACTCTATCCACGGTTAAGA,GACCATGCCCCCGTGTACAT,GAGCCAGAACAGACCCTCGG,TTCACATCTCCTACCTGTGT,5
CACTCTATCCACGGTTAAGATCAAGCCAGGTCGATTATCTATGCTTCCTCATAGGGGCGACGTGATGCTCTTATCAATCA,1,4,0,1,CACTCTATCCACGGTTAAGA,TCAAGCCAGGTCGATTATCT,ATGCTTCCTCATAGGGGCGA,CGTGATGCTCTTATCAATCA,5
CACTCTATCCACGGTTAAGATCAAGCCAGGTCGATTATCTCGTACAATAAGTGGCTTATCTTCACATCTCCTACCTGTGT,1,4,1,0,CACTCTATCCACGGTTAAGA,TCAAGCCAGGTCGATTATCT,CGTACAATAAGTGGCTTATC,TTCACATCTCCTACCTGTGT,5
CACTCTATCCACGGTTAAGAATGACTCCAATTTGTCACCCATGCTTCCTCATAGGGGCGATTCACATCTCCTACCTGTGT,1,5,0,0,CACTCTATCCACGGTTAAGA,ATGACTCCAATTTGTCACCC,ATGCTTCCTCATAGGGGCGA,TTCACATCTCCTACCTGTGT,5
TCCTCCTTTTTTGACACGCAACCTTACAATTTTTTACATCATGCTTCCTCATAGGGGCGAGCCTAACAGTTCCCACCCTT,2,0,0,5,TCCTCCTTTTTTGACACGCA,ACCTTACAATTTTTTACATC,ATGCTTCCTCATAGGGGCGA,GCCTAACAGTTCCCACCCTT,5
TCCTCCTTTTTTGACACGCAACCTTACAATTTTTTACATCCGTACAATAAGTGGCTTATCAGCAGACCCTGATCATCAAC,2,0,1,4,TCCTCCTTTTTTGACACGCA,ACCTTACAATTTTTTACATC,CGTACAATAAGTGGCTTATC,AGCAGACCCTGATCATCAAC,5
TCCTCCTTTTTTGACACGCAACCTTACAATTTTTTACATCGAGCCAGAACAGACCCTCGGGCTGGTACGTACGCAACTTC,2,0,2,3,TCCTCCTTTTTTGACACGCA,ACCTTACAATTTTTTACATC,GAGCCAGAACAGACCCTCGG,GCTGGTACGTACGCAACTTC,5
TCCTCCTTTTTTGACACGCAACCTTACAATTTTTTACATCTTAGGTATACACAAGAGTTCAGCTGCCCTCGCGTAACCCC,2,0,3,2,TCCTCCTTTTTTGACACGCA,ACCTTACAATTTTTTACATC,TTAGGTATACACAAGAGTTC,AGCTGCCCTCGCGTAACCCC,5
TCCTCCTTTTTTGACACGCAACCTTACAATTTTTTACATCTAGCACACCGCATATGGGAACGTGATGCTCTTATCAATCA,2,0,4,1,TCCTCCTTTTTTGACACGCA,ACCTTACAATTTTTTACATC,TAGCACACCGCATATGGGAA,CGTGATGCTCTTATCAATCA,5
TCCTCCTTTTTTGACACGCAACCTTACAATTTTTTACATCTGTGCCCATAGGGTTAACCGTTCACATCTCCTACCTGTGT,2,0,5,0,TCCTCCTTTTTTGACACGCA,ACCTTACAATTTTTTACATC,TGTGCCCATAGGGTTAACCG,TTCACATCTCCTACCTGTGT,5
TCCTCCTTTTTTGACACGCAAACAACGGTCTGGATGTTCAATGCTTCCTCATAGGGGCGAAGCAGACCCTGATCATCAAC,2,1,0,4,TCCTCCTTTTTTGACACGCA,AACAACGGTCTGGATGTTCA,ATGCTTCCTCATAGGGGCGA,AGCAGACCCTGATCATCAAC,5
TCCTCCTTTTTTGACACGCAAACAACGGTCTGGATGTTCACGTACAATAAGTGGCTTATCGCTGGTACGTACGCAACTTC,2,1,1,3,TCCTCCTTTTTTGACACGCA,AACAACGGTCTGGATGTTCA,CGTACAATAAGTGGCTTATC,GCTGGTACGTACGCAACTTC,5
TCCTCCTTTTTTGACACGCAAACAACGGTCTGGATGTTCAGAGCCAGAACAGACCCTCGGAGCTGCCCTCGCGTAACCCC,2,1,2,2,TCCTCCTTTTTTGACACGCA,AACAACGGTCTGGATGTTCA,GAGCCAGAACAGACCCTCGG,AGCTGCCCTCGCGTAACCCC,5
TCCTCCTTTTTTGACACGCAAACAACGGTCTGGATGTTCATTAGGTATACACAAGAGTTCCGTGATGCTCTTATCAATCA,2,1,3,1,TCCTCCTTTTTTGACACGCA,AACAACGGTCTGGATGTTCA,TTAGGTATACACAAGAGTTC,CGTGATGCTCTTATCAATCA,5
TCCTCCTTTTTTGACACGCAAACAACGGTCTGGATGTTCATAGCACACCGCATATGGGAATTCACATCTCCTACCTGTGT,2,1,4,0,TCCTCCTTTTTTGACACGCA,AACAACGGTCTGGATGTTCA,TAGCACACCGCATATGGGAA,TTCACATCTCCTACCTGTGT,5
TCCTCCTTTTTTGACACGCATACTCGTGTTCCATCCAGTTATGCTTCCTCATAGGGGCGAGCTGGTACGTACGCAACTTC,2,2,0,3,TCCTCCTTTTTTGACACGCA,TACTCGTGTTCCATCCAGTT,ATGCTTCCTCATAGGGGCGA,GCTGGTACGTACGCAACTTC,5
TCCTCCTTTTTTGACACGCATACTCGTGTTCCATCCAGTTCGTACAATAAGTGGCTTATCAGCTGCCCTCGCGTAACCCC,2,2,1,2,TCCTCCTTTTTTGACACGCA,TACTCGTGTTCCATCCAGTT,CGTACAATAAGTGGCTTATC,AGCTGCCCTCGCGTAACCCC,5
TCCTCCTTTTTTGACACGCATACTCGTGTTCCATCCAGTTGAGCCAGAACAGACCCTCGGCGTGATGCTCTTATCAATCA,2,2,2,1,TCCTCCTTTTTTGACACGCA,TACTCGTGTTCCATCCAGTT,GAGCCAGAACAGACCCTCGG,CGTGATGCTCTTATCAATCA,5
TCCTCCTTTTTTGACACGCATACTCGTGTTCCATCCAGTTTTAGGTATACACAAGAGTTCTTCACATCTCCTACCTGTGT,2,2,3,0,TCCTCCTTTTTTGACACGCA,TACTCGTGTTCCATCCAGTT,TTAGGTATACACAAGAGTTC,TTCACATCTCCTACCTGTGT,5
TCCTCCTTTTTTGACACGCAGACCATGCCCCCGTGTACATATGCTTCCTCATAGGGGCGAAGCTGCCCTCGCGTAACCCC,2,3,0,2,TCCTCCTTTTTTGACACGCA,GACCATGCCCCCGTGTACAT,ATGCTTCCTCATAGGGGCGA,AGCTGCCCTCGCGTAACCCC,5
TCCTCCTTTTTTGACACGCAGACCATGCCCCCGTGTACATCGTACAATAAGTGGCTTATCCGTGATGCTCTTATCAATCA,2,3,1,1,TCCTCCTTTTTTGACACGCA,GACCATGCCCCCGTGTACAT,CGTACAATAAGTGGCTTATC,CGTGATGCTCTTATCAATCA,5
TCCTCCTTTTTTGACACGCAGACCATGCCCCCGTGTACATGAGCCAGAACAGACCCTCGGTTCACATCTCCTACCTGTGT,2,3,2,0,TCCTCCTTTTTTGACACGCA,GACCATGCCCCCGTGTACAT,GAGCCAGAACAGACCCTCGG,TTCACATCTCCTACCTGTGT,5
TCCTCCTTTTTTGACACGCATCAAGCCAGGTCGATTATCTATGCTTCCTCATAGGGGCGACGTGATGCTCTTATCAATCA,2,4,0,1,TCCTCCTTTTTTGACACGCA,TCAAGCCAGGTCGATTATCT,ATGCTTCCTCATAGGGGCGA,CGTGATGCTCTTATCAATCA,5
TCCTCCTTTTTTGACACGCATCAAGCCAGGTCGATTATCTCGTACAATAAGTGGCTTATCTTCACATCTCCTACCTGTGT,2,4,1,0,TCCTCCTTTTTTGACACGCA,TCAAGCCAGGTCGATTATCT,CGTACAATAAGTGGCTTATC,TTCACATCTCCTACCTGTGT,5
TCCTCCTTTTTTGACACGCAATGACTCCAATTTGTCACCCATGCTTCCTCATAGGGGCGATTCACATCTCCTACCTGTGT,2,5,0,0,TCCTCCTTTTTTGACACGCA,ATGACTCCAATTTGTCACCC,ATGCTTCCTCATAGGGGCGA,TTCACATCTCCTACCTGTGT,5
