,PRISM,gene,probe_name,probe_seq,barcode_seq,binding_seq
0,PRISM_1,Actb_1,PR_1_Actb_1,gagcatcgtcgcccgcgaagGGGGTTGAATGGGTAGATTCACCTTACAATTTTTTACATCCGTACAATAAGTGGCTTATCAGCAGACCCTGATCATCAACggaggggaatacagcccggg,GGGGTTGAATGGGTAGATTCACCTTACAATTTTTTACATCCGTACAATAAGTGGCTTATCAGCAGACCCTGATCATCAAC,GGAGGGGAATACAGCCCGGGGAGCATCGTCGCCCGCGAAG
1,PRISM_1,Actb_2,PR_1_Actb_2,ggagcatcgtcgcccgcgaaGGGGTTGAATGGGTAGATTCACCTTACAATTTTTTACATCCGTACAATAAGTGGCTTATCAGCAGACCCTGATCATCAACtggaggggaatacagcccgg,GGGGTTGAATGGGTAGATTCACCTTACAATTTTTTACATCCGTACAATAAGTGGCTTATCAGCAGACCCTGATCATCAAC,TGGAGGGGAATACAGCCCGGGGAGCATCGTCGCCCGCGAA
2,PRISM_1,Actb_3,PR_1_Actb_3,catcacaccctggtgcctagGGGGTTGAATGGGTAGATTCACCTTACAATTTTTTACATCCGTACAATAAGTGGCTTATCAGCAGACCCTGATCATCAACtccttctgacccattcccac,GGGGTTGAATGGGTAGATTCACCTTACAATTTTTTACATCCGTACAATAAGTGGCTTATCAGCAGACCCTGATCATCAAC,TCCTTCTGACCCATTCCCACCATCACACCCTGGTGCCTAG
3,PRISM_2,Gapdh_1,PR_2_Gapdh_1,ccgttgaatttgccgtgagtGGGGTTGAATGGGTAGATTCACCTTACAATTTTTTACATCGAGCCAGAACAGACCCTCGGGCTGGTACGTACGCAACTTCcattctcggccttgactgtg,GGGGTTGAATGGGTAGATTCACCTTACAATTTTTTACATCGAGCCAGAACAGACCCTCGGGCTGGTACGTACGCAACTTC,CATTCTCGGCCTTGACTGTGCCGTTGAATTTGCCGTGAGT
4,PRISM_2,Gapdh_2,PR_2_Gapdh_2,gccgttgaatttgccgtgagGGGGTTGAATGGGTAGATTCACCTTACAATTTTTTACATCGAGCCAGAACAGACCCTCGGGCTGGTACGTACGCAACTTCccattctcggccttgactgt,GGGGTTGAATGGGTAGATTCACCTTACAATTTTTTACATCGAGCCAGAACAGACCCTCGGGCTGGTACGTACGCAACTTC,CCATTCTCGGCCTTGACTGTGCCGTTGAATTTGCCGTGAG
5,PRISM_2,Gapdh_3,PR_2_Gapdh_3,tgtgccgttgaatttgccgtGGGGTTGAATGGGTAGATTCACCTTACAATTTTTTACATCGAGCCAGAACAGACCCTCGGGCTGGTACGTACGCAACTTCttcccattctcggccttgac,GGGGTTGAATGGGTAGATTCACCTTACAATTTTTTACATCGAGCCAGAACAGACCCTCGGGCTGGTACGTACGCAACTTC,TTCCCATTCTCGGCCTTGACTGTGCCGTTGAATTTGCCGT
6,PRISM_3,Hprt1_1,PR_3_Hprt1_1,gtccataatcagtccatgagGGGGTTGAATGGGTAGATTCACCTTACAATTTTTTACATCTTAGGTATACACAAGAGTTCAGCTGCCCTCGCGTAACCCCcgagcaagtctttcagtcct,GGGGTTGAATGGGTAGATTCACCTTACAATTTTTTACATCTTAGGTATACACAAGAGTTCAGCTGCCCTCGCGTAACCCC,CGAGCAAGTCTTTCAGTCCTGTCCATAATCAGTCCATGAG
7,PRISM_3,Hprt1_2,PR_3_Hprt1_2,tgtccataatcagtccatgaGGGGTTGAATGGGTAGATTCACCTTACAATTTTTTACATCTTAGGTATACACAAGAGTTCAGCTGCCCTCGCGTAACCCCtcgagcaagtctttcagtcc,GGGGTTGAATGGGTAGATTCACCTTACAATTTTTTACATCTTAGGTATACACAAGAGTTCAGCTGCCCTCGCGTAACCCC,TCGAGCAAGTCTTTCAGTCCTGTCCATAATCAGTCCATGA
8,PRISM_3,Hprt1_3,PR_3_Hprt1_3,ctgtccataatcagtccatgGGGGTTGAATGGGTAGATTCACCTTACAATTTTTTACATCTTAGGTATACACAAGAGTTCAGCTGCCCTCGCGTAACCCCctcgagcaagtctttcagtc,GGGGTTGAATGGGTAGATTCACCTTACAATTTTTTACATCTTAGGTATACACAAGAGTTCAGCTGCCCTCGCGTAACCCC,CTCGAGCAAGTCTTTCAGTCCTGTCCATAATCAGTCCATG
