,seq,color,grade,fraction
0,GGGGTTGAATGGGTAGATTC,Green,0,0.0
1,CACTCTATCCACGGTTAAGA,Green,1,0.5
2,TCCTCCTTTTTTGACACGCA,Green,2,1.0
3,ACCTTACAATTTTTTACATC,Red,0,0.0
4,AACAACGGTCTGGATGTTCA,Red,1,0.2
5,TACTCGTGTTCCATCCAGTT,Red,2,0.4
6,GACCATGCCCCCGTGTACAT,Red,3,0.6
7,TCAAGCCAGGTCGATTATCT,Red,4,0.8
8,ATGACTCCAATTTGTCACCC,Red,5,1.0
9,ATGCTTCCTCATAGGGGCGA,Blue,0,0.0
10,CGTACAATAAGTGGCTTATC,Blue,1,0.2
11,GAGCCAGAACAGACCCTCGG,Blue,2,0.4
12,TTAGGTATACACAAGAGTTC,Blue,3,0.6
13,TAGCACACCGCATATGGGAA,Blue,4,0.8
14,TGTGCCCATAGGGTTAACCG,Blue,5,1.0
15,TTCACATCTCCTACCTGTGT,Yellow,0,0.0
16,CGTGATGCTCTTATCAATCA,Yellow,1,0.2
17,AGCTGCCCTCGCGTAACCCC,Yellow,2,0.4
18,GCTGGTACGTACGCAACTTC,Yellow,3,0.6
19,AGCAGACCCTGATCATCAAC,Yellow,4,0.8
20,GCCTAACAGTTCCCACCCTT,Yellow,5,1.0
